RequestsNumber,Time
90,72175.66800117493
90,33619.63081359863
90,53043.93768310547
90,72095.4761505127
90,72143.05138587952
90,91431.08582496643
90,33536.64708137512
90,33611.345052719116
90,33687.93702125549
90,14476.993799209595
