RequestsNumber,Time
50,27406.435012817383
50,27236.79757118225
50,65875.50139427185
50,7949.001789093018
50,8008.042573928833
50,27198.507070541382
50,8005.150079727173
50,8153.889417648315
50,7982.728004455566
50,7945.3864097595215
