RequestsNumber,Time
40,6369.159698486328
40,25545.072078704834
40,6307.424783706665
40,6335.515975952148
40,25623.22235107422
40,6374.683380126953
40,6292.024850845337
40,6415.830135345459
40,6319.405794143677
40,6367.871999740601
