RequestsNumber,Time
30,4757.797479629517
30,4758.954048156738
30,4757.501602172852
30,62426.9540309906
30,4730.713129043579
30,4753.233194351196
30,24007.718563079834
30,4785.090923309326
30,23980.084896087646
30,4768.015623092651
