RequestsNumber,Time
30,2991.469383239746
30,3129.880428314209
30,3000.3442764282227
30,2935.987710952759
30,3076.308488845825
30,3112.626314163208
30,2958.5118293762207
30,3012.657403945923
30,2991.8181896209717
30,3175.94313621521
