RequestsNumber,Time
60,6352.645397186279
60,6330.426216125488
60,6251.123666763306
60,6104.489088058472
60,6158.5705280303955
60,6156.093120574951
60,6189.711332321167
60,6242.721319198608
60,6403.592348098755
60,6045.734167098999
